Discos,Tiempo
10,0.002990245819091797
10,0.0019822120666503906
