Discos,Tiempo
10,0.20514678955078125
10,0.18899130821228027
