Discos,Tiempo
10,0.002987384796142578
12,0.002990245819091797
55,0.023000001907348633
1,0.0
555,0.2869997024536133
