Discos,Tiempo
10,0.002987384796142578
12,0.002990245819091797
55,0.023000001907348633
1,0.0
555,0.2869997024536133
90,0.038999080657958984
10,0.0029916763305664062
90,0.044849395751953125
80,0.027904272079467773
30,0.009967327117919922
80,0.03388714790344238
678,0.3115215301513672
2,0.0
13,0.00398564338684082
15,0.004982948303222656
17,0.008977413177490234
45,0.01694345474243164
90,0.0
